"DESCRIPTION","DURATION IN MS","NAME","PARENT SUITE","START TIME","STATUS","STOP TIME","SUB SUITE","SUITE","TEST CLASS","TEST METHOD"
"","37","test_login[chai@excample.com-daccf256f725ed4205357e24a877a00b77abce77]","testcase","Tue Dec 24 17:44:50 CST 2024","passed","Tue Dec 24 17:44:50 CST 2024","","test_apis","",""
"","10","test_get_blogs","testcase","Tue Dec 24 17:44:50 CST 2024","passed","Tue Dec 24 17:44:50 CST 2024","","test_apis","",""
"
        **请求URL:** http://127.0.0.1:9000/api/authenticate

        **请求类型:** Post

        **预期结果:** 'id': '001626057986549d93a93ec19594aa7b50fad2d779ca711000'

        **响应结果:** {'code': 200, 'body': {'id': '001626057986549d93a93ec19594aa7b50fad2d779ca711000', 'email': 'chai@excample.com', 'passwd': '******', 'admin': 1, 'name': 'chai', 'image': 'http://www.gravatar.com/avatar/faeec58980ebfdbd1ed2d3238129b834?d=mm&s=120', 'created_at': 1626057986.54903}}
        ","36","login_1 login Success","testcase","Tue Dec 24 17:44:50 CST 2024","passed","Tue Dec 24 17:44:50 CST 2024","TestExcelCase","test_api_excel","",""
"
        **请求URL:** http://127.0.0.1:9000/api/blogs

        **请求类型:** Get

        **预期结果:** page

        **响应结果:** {'code': 200, 'body': {'page': {'item_count': 46, 'page_size': 10, 'page_count': 5, 'page_index': 1, 'offset': 0, 'limit': 10, 'has_next': True, 'has_previous': False}, 'blogs': [{'id': '001735022481706d4e729ba47d94a3f9d830f8af9d3aaaf000', 'user_id': '001626057986549d93a93ec19594aa7b50fad2d779ca711000', 'user_name': 'chai', 'user_image': 'http://www.gravatar.com/avatar/faeec58980ebfdbd1ed2d3238129b834?d=mm&s=120', 'name': '2024-12-24', 'summary': 'test 2024-12-24', 'content': '?&gGLB2_eU', 'created_at': 1735022481.70605}, {'id': '0017350165352985ea08958a44a45958f2dc16f7aab6a31000', 'user_id': '001626057986549d93a93ec19594aa7b50fad2d779ca711000', 'user_name': 'chai', 'user_image': 'http://www.gravatar.com/avatar/faeec58980ebfdbd1ed2d3238129b834?d=mm&s=120', 'name': '2024-12-24', 'summary': 'test 2024-12-24', 'content': 'M>@?ed$8I4', 'created_at': 1735016535.29836}, {'id': '00173493608652965436df5afaf4dd88ce73f2f0dbc24c8000', 'user_id': '001626057986549d93a93ec19594aa7b50fad2d779ca711000', 'user_name': 'chai', 'user_image': 'http://www.gravatar.com/avatar/faeec58980ebfdbd1ed2d3238129b834?d=mm&s=120', 'name': '2024-12-23', 'summary': 'test 2024-12-23', 'content': 'ieBNS<b..|', 'created_at': 1734936086.52938}, {'id': '00173492888667834db4b67304a486fa2861a0b8b70de33000', 'user_id': '001626057986549d93a93ec19594aa7b50fad2d779ca711000', 'user_name': 'chai', 'user_image': 'http://www.gravatar.com/avatar/faeec58980ebfdbd1ed2d3238129b834?d=mm&s=120', 'name': '2024-12-23', 'summary': 'test 2024-12-23', 'content': ""G@'%R;V{!e"", 'created_at': 1734928886.67564}, {'id': '0017346768903569f459840ad0c4617bf875a3926f5fc2d000', 'user_id': '001626057986549d93a93ec19594aa7b50fad2d779ca711000', 'user_name': 'chai', 'user_image': 'http://www.gravatar.com/avatar/faeec58980ebfdbd1ed2d3238129b834?d=mm&s=120', 'name': '2024-12-20', 'summary': 'test 2024-12-20', 'content': ""'j`aKACa;k"", 'created_at': 1734676890.35624}, {'id': '0017346697028499d3da30d4be9493f9b80dd5630e1cf10000', 'user_id': '001626057986549d93a93ec19594aa7b50fad2d779ca711000', 'user_name': 'chai', 'user_image': 'http://www.gravatar.com/avatar/faeec58980ebfdbd1ed2d3238129b834?d=mm&s=120', 'name': '2024-12-20', 'summary': 'test 2024-12-20', 'content': 'ww8-s-Y.;e', 'created_at': 1734669702.84814}, {'id': '00173459049428477713dc7005e48199fd63255ef1be273000', 'user_id': '001626057986549d93a93ec19594aa7b50fad2d779ca711000', 'user_name': 'chai', 'user_image': 'http://www.gravatar.com/avatar/faeec58980ebfdbd1ed2d3238129b834?d=mm&s=120', 'name': '2024-12-19', 'summary': 'test 2024-12-19', 'content': '3l~hS/_(J&', 'created_at': 1734590494.28483}, {'id': '001734583335869615fff78c49842238121b79161b291e5000', 'user_id': '001626057986549d93a93ec19594aa7b50fad2d779ca711000', 'user_name': 'chai', 'user_image': 'http://www.gravatar.com/avatar/faeec58980ebfdbd1ed2d3238129b834?d=mm&s=120', 'name': '2024-12-19', 'summary': 'test 2024-12-19', 'content': 'gmSyjXPuK&', 'created_at': 1734583335.86977}, {'id': '001734496898957ceaa3afe6ee1437dbebe54156b407bdb000', 'user_id': '001626057986549d93a93ec19594aa7b50fad2d779ca711000', 'user_name': 'chai', 'user_image': 'http://www.gravatar.com/avatar/faeec58980ebfdbd1ed2d3238129b834?d=mm&s=120', 'name': '2024-12-18', 'summary': 'test 2024-12-18', 'content': 'H1FEY6x9cC', 'created_at': 1734496898.95773}, {'id': '001734417703169d636ca55d85a47ed9d7ebed4816ec9ad000', 'user_id': '001626057986549d93a93ec19594aa7b50fad2d779ca711000', 'user_name': 'chai', 'user_image': 'http://www.gravatar.com/avatar/faeec58980ebfdbd1ed2d3238129b834?d=mm&s=120', 'name': '2024-12-17', 'summary': 'test 2024-12-17', 'content': 'p:QNN-FL[C', 'created_at': 1734417703.16983}]}}
        ","21","blog_1 get blogs","testcase","Tue Dec 24 17:44:50 CST 2024","passed","Tue Dec 24 17:44:50 CST 2024","TestExcelCase","test_api_excel","",""
"
        **请求URL:** http://127.0.0.1:9000/api/authenticate

        **请求类型:** Post

        **预期结果:** 'error': 'value:invalid', 'data': 'passwd', 'message': 'Invalid password.'

        **响应结果:** {'code': 200, 'body': {'error': 'value:invalid', 'data': 'passwd', 'message': 'Invalid password.'}}
        ","8","login_2 login Fail","testcase","Tue Dec 24 17:44:50 CST 2024","passed","Tue Dec 24 17:44:50 CST 2024","TestExcelCase","test_api_excel","",""
"","9","test_login[chai@excample.com-999999]","testcase","Tue Dec 24 17:44:50 CST 2024","passed","Tue Dec 24 17:44:50 CST 2024","","test_apis","",""
